Table,Code,Description
PRIND,PROPERTY INDICATOR CODE,property_indicator
PRIND,0,MISCELLANEOUS
PRIND,10,SINGLE FAMILY RESIDENCE
PRIND,11,CONDOMINIUM
PRIND,20,COMMERCIAL
PRIND,21,DUPLEX
PRIND,22,APARTMENT
PRIND,23,"HOTEL, MOTEL"
PRIND,24,COMMERCIAL CONDOMINIUM
PRIND,25,RETAIL
PRIND,26,SERVICE
PRIND,27,OFFICE BUILDING
PRIND,28,WAREHOUSE
PRIND,29,FINANCIAL INSTITUTION
PRIND,30,HOSPITAL
PRIND,31,PARKING
PRIND,32,AMUSEMENT-RECREATION
PRIND,50,INDUSTRIAL
PRIND,51,INDUSTRIAL LIGHT
PRIND,52,INDUSTRIAL HEAVY
PRIND,53,TRANSPORT
PRIND,54,UTILITIES
PRIND,70,AGRICULTURAL
PRIND,80,VACANT
PRIND,90,EXEMPT
PRIND,RNG 10-19,RESIDENTIAL
PRIND,RNG 20-49,COMMERCIAL
PRIND,RNG 50-69,INDUSTRIAL
PRIND,RNG 70-79,AGRICULTURAL
PRIND,RNG 80-89,VACANT
PRIND,RNG 90-99,EXEMPT
BLDG,BUILDING CODE,bldg_code
BLDG,0,RESIDENTIAL
BLDG,0,TYPE UNKNOWN
BLDG,1,TYPE UNKNOWN
BLDG,1,TYPE UNKNOWN
BLDG,999,TYPE UNKNOWN
BLDG,A00,AGRICULTURAL
BLDG,A07,FRUIT
BLDG,A08,EGG
BLDG,A0A,DAIRY
BLDG,A0B,BUILDING
BLDG,A0G,HOUSE
BLDG,A0I,FARM
BLDG,A0L,CRIB
BLDG,A0M,BIN
BLDG,A0N,MILL
BLDG,A0Q,STORAGE
BLDG,A0U,OUT BUILDING
BLDG,A0Y,HATCHERY
BLDG,A0Z,RANCH
BLDG,A10,VINEYARD
BLDG,A1E,HOG HOUSE
BLDG,A2M,FERTILIZER BINS
BLDG,A2N,FERTILIZER BINS
BLDG,A37,ORCHARD FRUIT
BLDG,A40,COTTON GIN
BLDG,A50,QUONSET
BLDG,A5S,QUONSET SHED
BLDG,A60,GROVES
BLDG,A78,EQUIPMENT BUILDING
BLDG,A7B,EQUIPMENT BUILDING
BLDG,A7S,EQUIPMENT SHED
BLDG,A80,FAIRGROUND
BLDG,A9,REPAIR SERVICE
BLDG,AA0,BARN
BLDG,AA1,PACKING BARN
BLDG,AA7,BARN FRUIT
BLDG,AAA,DAIRY BARN
BLDG,AAB,BARN
BLDG,AAE,BARN HOG
BLDG,AAF,BARN FRAME
BLDG,AAH,HORSE BARN
BLDG,AAO,BARN
BLDG,AAP,BARN POLE
BLDG,AAS,BARN/SHED
BLDG,AAT,BARN SHEEP
BLDG,AB0,BUNKHOUSE
BLDG,AC9,CATTLE BARN
BLDG,ACK,CATTLE LOT
BLDG,ACS,CATTLE SHED
BLDG,AD0,CORRAL
BLDG,AE0,BEES
BLDG,AF0,FEED
BLDG,AF9,FEED BARN
BLDG,AFK,FEED LOT
BLDG,AFN,FEED MILL
BLDG,AFQ,FEED STORAGE
BLDG,AGG,CHICKEN HOUSE
BLDG,AH0,CREAMERY
BLDG,AI0,CRIBS/GRAIN
BLDG,AK,SERVICE GARAGE
BLDG,AK9,GRAIN BARN
BLDG,AKM,GRAIN BINS
BLDG,AKQ,GRAIN STORAGE
BLDG,AKY,GRAIN TANK
BLDG,AL9,HAY BARN
BLDG,ALS,HAY SHED
BLDG,AM0,APARTMENT
BLDG,AM9,MILK BARN
BLDG,AMG,MILK HOUSE
BLDG,AMR,MILK PARLOR
BLDG,AOB,BUILDING
BLDG,AOW,CITRUS CROPS
BLDG,AP0,PRODUCE
BLDG,AP6,PRODUCE PACKING
BLDG,APQ,PRODUCE STORAGE
BLDG,AQ0,AGRICULTURAL BUILDING
BLDG,AQQ,STORAGE BUILDING
BLDG,AR0,SHED
BLDG,ARE,SHED HOG
BLDG,AS7,SALES FRUIT
BLDG,ASA,SALES DAIRY
BLDG,AT0,POULTRY
BLDG,AT9,POULTRY BARN
BLDG,ATG,POULTRY HOUSE
BLDG,AU0,UTILITY
BLDG,AUB,UTILITY BUILDING
BLDG,AUQ,UTILITY STORAGE
BLDG,AUS,UTILITY SHED
BLDG,AV0,SILO
BLDG,AVF,FRAME SILO
BLDG,AW0,STABLE
BLDG,AW9,STABLE BARN
BLDG,AWF,STABLE FRAME
BLDG,AWH,STABLE HORSE
BLDG,AX3,TREE NUT
BLDG,AX5,TREE CHRISTMAS
BLDG,AX7,TREE FRUIT
BLDG,AXW,FIELD CROPS
BLDG,AY0,FARM
BLDG,AYA,FARM DAIRY
BLDG,AYC,FARM FISH
BLDG,AYG,FARM HOUSE
BLDG,AZL,CORN CRIB
BLDG,AZW,ROW CROPS
BLDG,C00,COMMERCIAL
BLDG,C03,GROCERY
BLDG,C04,MARKET
BLDG,C06,SAVINGS & LOAN
BLDG,C07,SUPERMARKET
BLDG,C08,CAR WASH DRIVE THRU
BLDG,C09,REPAIR
BLDG,C0A,STATION
BLDG,C0B,AGENCY
BLDG,C0C,APARTMENT COMMERCIAL
BLDG,C0D,SHOWROOM
BLDG,C0E,SALES
BLDG,C0L,CAR WASH SELF SERVICE
BLDG,C0O,SELF SERVICE
BLDG,C0P,HOTEL/MOTEL
BLDG,C0Q,COMMERCIAL CONDO
BLDG,C0R,STORE
BLDG,C0T,BED & BREAKFAST
BLDG,C0V,CONVERTED
BLDG,C0X,INSURANCE
BLDG,C0Z,STORAGE
BLDG,C10,FOOD STAND
BLDG,C2,RETAIL OFFICE
BLDG,C20,CONCESSION STAND
BLDG,C30,FURNITURE
BLDG,C39,FURNITURE REPAIR
BLDG,C3D,FURNITURE SHOWROOM
BLDG,C3R,FURNITURE STORE
BLDG,C40,COMMERCIAL GREENHOUSE
BLDG,C50,LUMBER
BLDG,C5R,LUMBER STORE
BLDG,C5Y,LUMBER YARD
BLDG,C5Z,LUMBER STORAGE
BLDG,C60,OFFICE
BLDG,C61,MEDICAL OFFICE
BLDG,C6D,OFFICE SHOWROOM
BLDG,C6E,OFFICE SALES
BLDG,C6H,OFFICE DRIVE IN
BLDG,C6L,OFFICE LOW RISE
BLDG,C6Q,OFFICE CONDO
BLDG,C6R,OFFICE STORE
BLDG,C6W,OFFICE HI RISE
BLDG,C6Z,OFFICE STORAGE
BLDG,C7R,OUTLET STORE
BLDG,C80,PROFESSIONAL
BLDG,C82,PROFESSIONAL OFFICE
BLDG,C8S,PROFESSIONAL SERVICE
BLDG,C90,SERVICE STATION SELF SERVICE
BLDG,C98,DRIVE-UP WINDOW
BLDG,C99,SERVICE STATION REPAIR
BLDG,C9N,SERVICE STATION FULL SERVICE
BLDG,C9O,SERVICE STATION SELF SERVICE
BLDG,CA0,SERVICE
BLDG,CA1,SERVICE
BLDG,CA9,REPAIR SERVICE
BLDG,CAA,SERVICE STATION
BLDG,CAE,SERVICE SALES
BLDG,CAG,SERVICE CANOPY
BLDG,CAK,SERVICE GARAGE
BLDG,CB0,BUSINESS
BLDG,CB2,BUSINESS OFFICE
BLDG,CBS,BUSINESS SERVICE
BLDG,CC0,AUTO
BLDG,CC5,AUTO DISPLAY
BLDG,CC9,AUTO REPAIR
BLDG,CCA,AUTO STATION
BLDG,CCB,AUTO AGENCY
BLDG,CCD,AUTO SHOWROOM
BLDG,CCE,AUTO SALES
BLDG,CCF,AUTO SALES & SERVICE
BLDG,CCK,AUTO GARAGE
BLDG,CCL,CAR WASH AUTOMATIC
BLDG,CCO,AUTO
BLDG,CCR,AUTO STORE
BLDG,CCS,AUTO SERVICE
BLDG,CCU,AUTO RENTAL
BLDG,CD0,GAS
BLDG,CD3,GAS GROCERY
BLDG,CDA,GAS STATION
BLDG,CDN,GAS FULL SERVICE
BLDG,CDO,GAS SELF SERVICE
BLDG,CE0,LAUNDROMAT/DRY CLEANERS
BLDG,CEO,LAUNDROMAT/DRY CLEANERS
BLDG,CF0,QUICK LUBE
BLDG,CFS,QUICK LUBE SERVICE
BLDG,CG0,TYPE UNKNOWN
BLDG,CGF,TIRE SALES & SERVICE
BLDG,CH0,MAINTENANCE
BLDG,CHK,MAINTENANCE GARAGE
BLDG,CI0,BAKERY
BLDG,CJ0,BANK
BLDG,CJ2,BANK OFFICES
BLDG,CJ6,BANK SAVINGS & LOAN
BLDG,CJ8,BANK DRIVE THRU
BLDG,CJH,BANK DRIVE-IN
BLDG,CJO,BANK
BLDG,CJS,BANK SERVICE
BLDG,CK0,GARAGE
BLDG,CK9,REPAIR GARAGE
BLDG,CKS,GARAGE SERVICE
BLDG,CL0,BARBER SHOP
BLDG,CLI,BARBER & BEAUTY SHOP
BLDG,CM0,SHOPS
BLDG,CM1,SHOPS
BLDG,CM2,SHOP OFFICE
BLDG,CMI,BEAUTY SHOP
BLDG,CMO,SHOPS
BLDG,CMS,SHOP SERVICE
BLDG,CMZ,STORAGE/SHOP
BLDG,CN0,RETAIL
BLDG,CN2,RETAIL OFFICE
BLDG,CN8,RETAIL DRIVE UP
BLDG,CN9,REPAIR SHOP
BLDG,CNC,RETAIL
BLDG,CNE,RETAIL SALES
BLDG,CNJ,RETAIL WAREHOUSE
BLDG,CNO,RETAIL
BLDG,CNQ,RETAIL CONDO
BLDG,CNR,RETAIL STORE
BLDG,CNS,RETAIL SERVICE
BLDG,CO0,CAR WASH
BLDG,CO1,CAR WASH DRIVE THRU
BLDG,CO2,CAR WASH AUTOMATIC
BLDG,CO3,CAR WASH SELF SERVICE
BLDG,CO8,CAR WASH DRIVE THRU
BLDG,COE,SALES
BLDG,COH,CAR WASH DRIVE-IN
BLDG,COL,CAR WASH AUTOMATIC
BLDG,COM,CAR WASH MANUAL
BLDG,CON,CAR WASH FULL SERVICE
BLDG,COO,CAR WASH SELF SERVICE
BLDG,COR,STORE
BLDG,COV,CONVERTED
BLDG,CP0,PARKING
BLDG,CPK,PARKING GARAGE
BLDG,CQ0,MARINA
BLDG,CRE,TYPE UNKNOWN
BLDG,CRR,STORAGE & STORE
BLDG,CS0,FINANCIAL INSTITUTION
BLDG,CSS,FINANCIAL SERVICE
BLDG,CT0,CONVENIENCE
BLDG,CT4,CONVENIENCE MARKET
BLDG,CTR,CONVENIENCE STORE
BLDG,CU0,HOTEL
BLDG,CUC,HOTEL APARTMENT
BLDG,CUO,HOTEL
BLDG,CUP,HOTEL/MOTEL
BLDG,CUQ,HOTEL CONDO
BLDG,CV0,MOTEL
BLDG,CVO,MOTEL
BLDG,CVP,HOTEL/MOTEL
BLDG,CVW,MOTEL HI RISE
BLDG,CW0,WHOLESALE
BLDG,CX0,SHOPPING CENTER
BLDG,CYR,DEPARTMENT STORE
BLDG,CZ0,DISCOUNT
BLDG,CZ5,LUMBER STORAGE
BLDG,CZE,DISCOUNT SALES
BLDG,CZR,DISCOUNT STORE
BLDG,DBL,MOBILE HOME DOUBLE WIDE
BLDG,DUP,DUPLEX
BLDG,E00,ENTERTAINMENT
BLDG,E01,TRANSMITTER STATION
BLDG,E03,HANDBALL
BLDG,E04,TYPE UNKNOWN
BLDG,E07,FOOD STAND
BLDG,E08,FRANCHISE FOOD
BLDG,E0C,COCKTAIL LOUNGE
BLDG,E0H,CAF
BLDG,E0K,FAST FOOD
BLDG,E0Q,CLUB
BLDG,E0U,LOUNGE/NITE CLUB
BLDG,E0Y,TOWER
BLDG,E0Z,STUDIO
BLDG,E10,FRATERNAL
BLDG,E1Q,FRATERNAL CLUB
BLDG,E20,NIGHT CLUB
BLDG,E21,THEATER/NIGHT CLUB
BLDG,E2C,NIGHT CLUB/COCKTAIL LOUNGE
BLDG,E2I,NIGHT CLUB/DINNER
BLDG,E2V,NIGHT CLUB BAR
BLDG,E33,TENNIS/HANDBALL
BLDG,E3A,TENNIS COURT
BLDG,E3Q,TENNIS CLUB
BLDG,E40,BROADCASTING
BLDG,E4Y,BROADCASTING TOWER
BLDG,E4Z,BROADCASTING STUDIO
BLDG,E50,CAMPING
BLDG,E60,RADIO/TV
BLDG,E61,RADIO/TV TRANSMITTER STATION
BLDG,E64,RADIO/TV STATION
BLDG,E6Z,RADIO/TV STUDIO
BLDG,E70,ARTS & CRAFTS
BLDG,E80,TOURIST ATTRACTIONS
BLDG,E90,TAVERN
BLDG,EA0,AMUSEMENT PARK
BLDG,EB0,BOWLING ALLEY
BLDG,EBB,BOWLING ALLEY ARENA
BLDG,EBO,BOWLING ALLEY
BLDG,EC0,ARENA/STADIUM
BLDG,EC2,ARENA HORSE
BLDG,EE0,BAR
BLDG,EEC,BAR COCKTAIL LOUNGE
BLDG,EFA,BASKETBALL COURT
BLDG,EFQ,COUNTRY CLUB
BLDG,EG0,BLEACHERS
BLDG,EH0,CLUBHOUSE
BLDG,EHO,CLUBHOUSE
BLDG,EI0,CLUB/LODGE
BLDG,EJ0,COUNTRY CLUB
BLDG,EJQ,COUNTRY CLUB
BLDG,EK0,CONVENTION CENTER
BLDG,EL0,CULTURAL FACILITY
BLDG,EM0,FITNESS CENTER
BLDG,EN0,CAMP SITES
BLDG,EO0,DRIVING RANGE
BLDG,EOU,RESTAURANT COCKTAIL LOUNGE
BLDG,EP0,GOLF
BLDG,EPL,GOLF COURSE
BLDG,EPN,GOLF 18 HOLES
BLDG,EPO,GOLF 9 HOLES
BLDG,EPP,GOLF PITCH PUTT
BLDG,EPT,GOLF MINI
BLDG,EQ0,STADIUM
BLDG,EQHQ,CLUBHOUSE
BLDG,ER0,RECREATION
BLDG,ERQ,RECREATION CLUB
BLDG,ES0,RESTAURANT
BLDG,ES1,RESTAURANT FAST FOOD
BLDG,ES6,RESTAURANT THEME
BLDG,ESC,RESTAURANT COCKTAIL LOUNGE
BLDG,ESJ,RESTAURANT DRIVE IN
BLDG,ESK,RESTAURANT FAST FOOD
BLDG,ESQ,RESTAURANT CLUB
BLDG,ESV,RESTAURANT BAR
BLDG,ET0,THEATER
BLDG,ETE,THEATER/CINEMA
BLDG,ETJ,DRIVE-IN THEATER
BLDG,ETQ,TENNIS CLUB
BLDG,ETU,THEATER/NIGHT CLUB
BLDG,EU0,GYMNASIUM
BLDG,EV,VETERINARY HOSPITAL
BLDG,EV0,HEALTH CLUB
BLDG,EVQ,HEALTH CLUB
BLDG,EVS,HEALTH SPA
BLDG,EW0,SKATING RINK
BLDG,EWR,ICE SKATING RINK
BLDG,EWX,SKATING RINK OUTDOORS
BLDG,EX0,ARCADE
BLDG,EY0,RACE TRACK
BLDG,EZ0,RACQUETBALL
BLDG,EZ3,RACQUETBALL/HANDBALL
BLDG,EZA,RACQUETBALL COURT
BLDG,EZQ,RACQUETBALL CLUB
BLDG,FZ,FOOD STORAGE
BLDG,G00,GOVERNMENT
BLDG,G0A,COURTHOUSE
BLDG,G0J,JAIL
BLDG,G0P,POLICE STATION
BLDG,G0R,REFORESTATION
BLDG,G10,INDIAN RESERVATION
BLDG,GA0,ARMORY
BLDG,GAS,GAS STATION
BLDG,GB0,MUNICIPAL
BLDG,GBL,MUNICIPAL PARK
BLDG,GC0,COUNTY
BLDG,GCJ,COUNTY JAIL
BLDG,GCL,COUNTY PARK
BLDG,GD0,CITY
BLDG,GDC,CITY CLUB
BLDG,GE0,FEDERAL
BLDG,GG0,FIRE STATION
BLDG,GGP,FIRE STATION/POLICE STATION
BLDG,GH0,CORRECTIONAL
BLDG,GH1,CORRECTIONAL FACILITY
BLDG,GIE,CITY/VILLAGE/TOWN EXEMP
BLDG,GK0,PUBLIC
BLDG,GKG,PUBLIC BOAT DOCK
BLDG,GKH,PUBLIC HOUSING
BLDG,GKK,PUBLIC GARAGE
BLDG,GKL,PUBLIC PARK
BLDG,GKU,PUBLIC UTILITY
BLDG,GL0,COMMUNITY
BLDG,GLD,COMMUNITY CENTER
BLDG,GLF,COMMUNITY SERVICE
BLDG,GM0,MILITARY
BLDG,GOJ,JAIL
BLDG,GP0,POST OFFICE
BLDG,GPO,POST OFFICE
BLDG,GR0,REGIONAL
BLDG,GS0,STATE
BLDG,GSL,STATE PARK
BLDG,GT0,COAST GUARD STATION
BLDG,GUD,ELDERLY/SENIOR CENTER
BLDG,GUH,ELDERLY/SENIOR HOUSING
BLDG,GX0,COUNTY/STATE
BLDG,IAJ,ASPHALT PAVING
BLDG,IB0,LIGHT IMPROVEMENTS
BLDG,ICJ,CONCRETE PAVING
BLDG,IF0,FENCE
BLDG,IFE,FENCE CHAINLINK
BLDG,IFR,FENCE POST/RAIL
BLDG,IFS,FENCE BRICK/STONE
BLDG,IL0,LOADING DOCK
BLDG,M00,MULTI FAMILY
BLDG,M01,MULTI FAMILY
BLDG,M02,TWO FAMILY
BLDG,M03,THREE FAMILY
BLDG,M04,FOUR FAMILY
BLDG,M05,FIVE FAMILY
BLDG,M06,SIX FAMILY
BLDG,M07,SEVEN FAMILY
BLDG,M08,EIGHT FAMILY
BLDG,M09,NINE FAMILY
BLDG,M0A,MULTI FAMILY HI RISE
BLDG,M0B,MULTI FAMILY LOW RISE
BLDG,M0H,GARDEN
BLDG,M0L,MID RISE
BLDG,M0M,MULTI-PLEX
BLDG,M0P,COOP
BLDG,M0T,MULTI FAMILY TOWNHOUSE
BLDG,M40,4-PLEX
BLDG,M50,5-PLEX
BLDG,M51,5-PLEX AND HIGHER
BLDG,M60,6-PLEX
BLDG,MA0,APARTMENT
BLDG,MAA,APARTMENT HI RISE
BLDG,MAB,APARTMENT LOW RISE
BLDG,MAC,APARTMENT CONDO
BLDG,MAH,APARTMENT GARDEN
BLDG,MAJ,APARTMENT GARAGE
BLDG,MAK,APARTMENT HOTEL
BLDG,MAL,APARTMENT MID RISE
BLDG,MAN,MANUFACTURED HOME
BLDG,MAO,APARTMENT & OFFICE
BLDG,MAP,APARTMENT COOP
BLDG,MAR,APARTMENT RETIREMENT
BLDG,MAS,APARTMENT SENIOR
BLDG,MAT,APARTMENT TOWNHOUSE
BLDG,MC0,MULTI FAMILY CONDO
BLDG,MCA,CONDO HI RISE
BLDG,MCB,CONDO LOW RISE
BLDG,MCE,CONDO APARTMENT
BLDG,MCH,CONDO GARDEN
BLDG,MCM,CONDO-MULTIPLEX
BLDG,MCO,CONDO OFFICE
BLDG,MCT,CONDO TOWNHOUSE
BLDG,MCU,CONDO PENTHOUSE
BLDG,MCV,CONDO COMMON AREA W. IMPRVMT
BLDG,MCW,CONDO COMMERCIAL & OPEN SPACE
BLDG,MD0,DUPLEX
BLDG,MDC,DUPLEX CONDO
BLDG,MDE,DUPLEX APARTMENT
BLDG,MDF,DUPLEX/TRIPLEX
BLDG,MDO,DUPLEX
BLDG,MEC,CONDO APARTMENT
BLDG,MMD,MEDICAL SERVICE BOARDING
BLDG,MRD,ROOMING/BOARDING HOUSE
BLDG,MS0,ROW TYPE
BLDG,MST,ROW TYPE TOWNHOUSE
BLDG,MT0,TRIPLEX
BLDG,NXM,NURSING HOME
BLDG,R00,RESIDENTIAL
BLDG,R0C,RESIDENTIAL CONDO
BLDG,R0F,MANUFACTURED HOME
BLDG,R0Q,SERVANT QUARTERS
BLDG,R10,DETACHED
BLDG,R20,ROW
BLDG,R30,END ROW
BLDG,R40,FLAT
BLDG,R60,HIGH-RISE
BLDG,R70,GARDEN
BLDG,R80,ZERO LOT LINE
BLDG,R90,HALF-PLEX
BLDG,RC0,CABIN/COTTAGE
BLDG,RCA,CABIN/APARTMENT
BLDG,RCO,CABIN/COTTAGE
BLDG,RG0,GUEST HOUSE
BLDG,RI0,RESIDENTIAL GREENHOUSE
BLDG,RM0,MOBILE HOME
BLDG,RM1,MOBILE HOME SINGLE WIDE
BLDG,RM2,MOBILE HOME DOUBLE WIDE
BLDG,RMB,MOBILE HOME COOP
BLDG,RMC,CONDO MOBILE HOME
BLDG,RMO,MOBILE HOME
BLDG,RMP,MOBILE HOME PARK
BLDG,RMS,MOBILE HOME ROOM ADDITION
BLDG,RQ0,ROW TYPE
BLDG,RS0,SINGLE FAMILY
BLDG,RSF,SINGLE FAMILY MANUFACTURED
BLDG,RT0,TOWNHOUSE
BLDG,RU0,PATIO HOME
BLDG,RW0,RESIDENCE & WORKSHOP
BLDG,RY0,RESIDENTIAL MIXED USE
BLDG,SFR,CABIN
BLDG,SGL,MOBILE HOME SINGLE WIDE
BLDG,STW,TYPE UNKNOWN
BLDG,SX0,SCHOOL
BLDG,T00,TRANSPORTATION
BLDG,T0A,AIRCRAFT TRANSPORTATION
BLDG,T0H,HANGAR
BLDG,T0T,TRANSPORTATION TERMINAL
BLDG,T0V,TANK
BLDG,T0W,SUBWAY
BLDG,T11,BOAT DOCK
BLDG,TA0,AIRPORT
BLDG,TAH,AIRPORT HANGAR
BLDG,TAP,AIRPORT PRIVATE
BLDG,TAT,AIRPORT TERMINAL
BLDG,TB0,BUS
BLDG,TBG,BUS GARAGE
BLDG,TBR,BUS SHELTER
BLDG,TBT,BUS TERMINAL
BLDG,TCT,COMMUTER TERMINAL
BLDG,TD0,PORT
BLDG,TH0,HANGAR
BLDG,THA,HANGAR AIRCRAFT
BLDG,THM,HANGAR MAINTENANCE
BLDG,TPT,PASSENGER TERMINAL
BLDG,TR0,RAILROAD
BLDG,TR2,RAILROAD PROPERTY
BLDG,TRB,RAILROAD SPUR
BLDG,TRT,RAILROAD TERMINAL
BLDG,TS0,TRANSIT
BLDG,TSC,RAILROAD STATION
BLDG,TST,TRANSIT TERMINAL
BLDG,TTC,TRUCK SCALES
BLDG,TTD,TRUCK DOCK
BLDG,TTF,TRUCK FIRM
BLDG,TTG,TRUCK GARAGE
BLDG,TTM,TRUCK MAINTENANCE
BLDG,TTT,TRUCK TERMINAL
BLDG,TTU,TRUCK STOP
BLDG,TU0,APARTMENT & OFFICE
BLDG,TW0,TRANSPORTATION WAREHOUSE
BLDG,TWS,WAREHOUSE TRANSIT
BLDG,TWT,TRANSIT WAREHOUSE
BLDG,U00,INDUSTRIAL
BLDG,U05,ASSEMBLY
BLDG,U0A,PLANT
BLDG,U0B,BREWERY
BLDG,U0D,DISTRIBUTION
BLDG,U0F,FACTORY
BLDG,U0H,INDUSTRIAL HEAVY
BLDG,U0K,COLD STORAGE
BLDG,U0L,INDUSTRIAL LIGHT
BLDG,U0M,METAL
BLDG,U0O,INDUSTRIAL OFFICE
BLDG,U0P,PROCESSING
BLDG,U0Q,FREEZER
BLDG,U0R,CANNERIES
BLDG,U0S,STORAGE TANK
BLDG,U0W,WINERY BREWERY
BLDG,U0X,INDUSTRIAL CONDO
BLDG,U0Z,STORAGE
BLDG,U21,FUEL SUPPLY
BLDG,U2Z,FUEL STORAGE
BLDG,U30,NATURAL GAS
BLDG,U3C,NATURAL GAS FACILITY
BLDG,U3Z,NATURAL GAS STORAGE
BLDG,U4Z,BULK STORAGE
BLDG,U5W,WINERY/BREWERY PLANT
BLDG,U60,OIL
BLDG,U80,PACKING PLANT
BLDG,U85,TERMINAL TRANSIT
BLDG,U87,TRUCK TERMINAL
BLDG,U8K,PACKING PLANT COLD STORAGE
BLDG,UB0,BOTTLING
BLDG,UBA,BOTTLING PLANT
BLDG,UBB,BOTTLING BREWERY
BLDG,UC0,CHEMICAL
BLDG,UC9,CHEMICAL MANFACTURER
BLDG,UCA,CHEMICAL PLANT
BLDG,UCZ,CHEMICAL STORAGE
BLDG,UD0,FABRICATION
BLDG,UDM,FABRICATING METAL
BLDG,UE0,PRODUCTION
BLDG,UFD,FOOD DISTRIBUTION
BLDG,UFP,FOOD PROCESSING
BLDG,UFY,FOOD SERVICE
BLDG,UFZ,FOOD STORAGE
BLDG,UG8,PAPER MANUFACTURER
BLDG,UIY,CONTRACTING SERVICE
BLDG,UK0,PIPELINE
BLDG,UKE,PIPELINE PUMP STATION
BLDG,UM0,MANUFACTURING
BLDG,UM4,MANUFACTURING APPAREL
BLDG,UM6,MANUFACTURING AUTO PARTS
BLDG,UM7,MANUFACTURING GLASS
BLDG,UMA,MANUFACTURING PLANT
BLDG,UMG,MANUFACTURING GAS
BLDG,UMH,MANUFACTURING HEAVY
BLDG,UML,MANUFACTURING LIGHT
BLDG,UMM,METAL MANUFACTURING
BLDG,UMN,MINI WAREHOUSE
BLDG,UMO,MANUFACTURING
BLDG,UMP,MANUFACTURING PROCESSING
BLDG,UMT,MANUFACTURING CONCRETE
BLDG,UMU,MANUFACTURING FOOD
BLDG,UMZ,WAREHOUSE STORAGE
BLDG,UN0,MINING
BLDG,UO0,OTHER
BLDG,UOF,FACTORY
BLDG,UOL,INDUSTRIAL LIGHT
BLDG,UP0,PETROLEUM
BLDG,UPD,PETROLEUM DISTRIBUTION
BLDG,UPE,PETROLEUM PUMP STATION
BLDG,UPZ,PETROLEUM STORAGE
BLDG,UR0,RESEARCH
BLDG,URJ,RESEARCH & DEVELOPMENT
BLDG,US0,SAWMILL
BLDG,UT0,INDUSTRIAL TERMINAL
BLDG,UU0,INDUSTRIAL OFFICE
BLDG,UV8,WOOD MANUFACTURER
BLDG,UVP,WOOD PROCESSING
BLDG,UW0,WAREHOUSE
BLDG,UW8,WAREHOUSE MANUFACTURING
BLDG,UWD,WAREHOUSE DISTRIBUTION
BLDG,UWF,FACTORY/WAREHOUSE
BLDG,UWI,WAREHOUSE PREFAB
BLDG,UWK,COLD STORAGE WAREHOUSE
BLDG,UWM,WAREHOUSE
BLDG,UWN,MINI WAREHOUSE
BLDG,UWO,OFFICE WAREHOUSE
BLDG,UWP,WAREHOUSE PROCESSING
BLDG,UWX,WAREHOUSE CONDO
BLDG,UWZ,WAREHOUSE STORAGE
BLDG,UX0,LABORATORY
BLDG,UX9,LABORATORY/RESEARCH
BLDG,UZ0,PROPANE
BLDG,UZX,CONDO WAREHOUSE
BLDG,X00,MIXED TYPE
BLDG,X01,GROUP HOME
BLDG,X03,CHIROPRACTIC
BLDG,X05,EDUCATION
BLDG,X06,SORORITY
BLDG,X08,HISTORICAL
BLDG,X09,LECTURE HALL
BLDG,X0A,AUDITORIUM/GYMNASIUM
BLDG,X0B,CLASSROOMS
BLDG,X0D,CENTER
BLDG,X0F,EXEMPT
BLDG,X0H,CONVALESCENT
BLDG,X0I,PRE-SCHOOL
BLDG,X0J,OFFICE MEDICAL
BLDG,X0K,DENTAL
BLDG,X0L,MEDICAL DENTAL
BLDG,X0M,HOME
BLDG,X0N,PARSONAGE
BLDG,X0O,PARK
BLDG,X0S,SANITARIUM
BLDG,X0T,MUSEUM
BLDG,X0U,UNIVERSITY
BLDG,X0V,VETERINARIAN
BLDG,X0Y,PHARMACY
BLDG,X0Z,ASSISTED LIVING
BLDG,X10,MEDICAL
BLDG,X1D,MEDICAL CENTER
BLDG,X2D,SURGICAL CENTER
BLDG,X30,NURSERY
BLDG,X40,REHABILATATION
BLDG,X4D,REHABILATATION CENTER
BLDG,X5D,AMENITY CENTER
BLDG,X60,HOSPICE
BLDG,X70,CREMATORIUM
BLDG,X9J,OFFICE MEDICAL
BLDG,X9K,OFFICE DENTAL
BLDG,X9L,MEDICAL DENTAL OFFICE
BLDG,X9V,VETERINARIAN OFFICE
BLDG,XA0,CHARITABLE
BLDG,XB0,COLLEGE
BLDG,XBB,COLLEGE CLASSROOM
BLDG,XBP,COLLEGE PUBLIC
BLDG,XBQ,COLLEGE PRIVATE
BLDG,XBU,COLLEGE UNIVERSITY
BLDG,XC0,CHURCH/SYNAGOGUE
BLDG,XCP,COLLEGE PUBLIC
BLDG,XD0,DAY CARE
BLDG,XDB,DAY CARE & CLASSROOM
BLDG,XDD,DAY CARE CENTER
BLDG,XDI,DAY CARE & PRESCHOOL
BLDG,XE0,HOSPITAL
BLDG,XEG,HOSPITAL ANIMAL
BLDG,XEH,HOSPITAL CONVALESCENT
BLDG,XEP,HOSPITAL PUBLIC
BLDG,XEQ,HOSPITAL PRIVATE
BLDG,XEV,VETERINARY HOSPITAL
BLDG,XEW,VETERINARY HOSPITAL
BLDG,XF0,DORMITORY
BLDG,XGO,FOREST PARK
BLDG,XH0,ORPHANAGE
BLDG,XI0,INSTITUTION
BLDG,XJ0,KENNEL
BLDG,XJV,KENNEL VETERINARY
BLDG,XK0,FRATERNITY
BLDG,XK6,FRATERNITY/SORORITY
BLDG,XL0,LIBRARY
BLDG,XLT,LIBRARY MUSEUM
BLDG,XMM,FUNERAL HOME
BLDG,XMN,NURSING HOME
BLDG,XNH,CONVALESCENT NURSING
BLDG,XNM,NURSING HOME
BLDG,XPM,RETIREMENT HOME
BLDG,XQ0,MORTUARY
BLDG,XQR,MORTUARY/CEMETERY
BLDG,XR0,RELIGIOUS
BLDG,XR5,RELIGIOUS EDUCATION
BLDG,XRI,RELIGIOUS PRE-SCHOOL
BLDG,XRM,RELIGIOUS HOME
BLDG,XRO,RELIGIOUS
BLDG,XRR,CEMETERY
BLDG,XS0,SCHOOL
BLDG,XS7,SCHOOL VOCATIONAL
BLDG,XSB,SCHOOL CLASSROOM
BLDG,XSE,ELEMENTARY SCHOOL
BLDG,XSP,SCHOOL PUBLIC
BLDG,XSQ,SCHOOL PRIVATE
BLDG,XSW,SCHOOL SECONDARY
BLDG,XT0,CLINIC
BLDG,XTG,CLINIC ANIMAL
BLDG,XTJ,CLINIC MEDICAL
BLDG,XTK,CLINIC DENTAL
BLDG,XTL,CLINIC MEDICAL DENTAL
BLDG,XTV,VETERINARY CLINIC
BLDG,XV0,HEALTH
BLDG,XVP,HEALTH PUBLIC
BLDG,XW0,WORSHIP
BLDG,XX0,DISPENSARY
BLDG,XXJ,DISPENSARY MEDICAL
BLDG,XY0,YMCA/YWCA
BLDG,XZ0,TELEPHONE
BLDG,Y00,MIXED USE
BLDG,Y1L,STABLE & LIVING QUARTERS
BLDG,Y1O,STABLE & OFFICE
BLDG,Y1S,STABLE/SHOP
BLDG,Y99,SERVICE STATION & FAST FOOD
BLDG,YBA,BEAUTY SHOP & APARTMENT
BLDG,YCR,COMMERCIAL & RESIDENTIAL
BLDG,YDA,CONDO & SINGLE FAMILY RESIDENC
BLDG,YFA,CAF
BLDG,YGR,COMMERCIAL & RESIDENTIAL
BLDG,YMI,MISCELLANEOUS INDUSTRIAL
BLDG,YOL,OFFICE & LIVING QUARTERS
BLDG,YOR,OFFICE & RESIDENTIAL
BLDG,YOS,OFFICE/SHOP
BLDG,YQ0,RESIDENTIAL & OFFICE
BLDG,YQ1,RESIDENTIAL & STORAGE
BLDG,YQB,RESIDENTIAL & BARN
BLDG,YQJ,RESIDENTIAL & STORAGE
BLDG,YQO,RESIDENTIAL & OFFICE
BLDG,YQR,APARTMENTS & RESIDENTIAL
BLDG,YQS,RESIDENTIAL & SHOP
BLDG,YR0,RETAIL & OFFICE
BLDG,YRA,RETAIL & APARTMENT
BLDG,YRO,RETAIL & OFFICE
BLDG,YRW,RETAIL & WAREHOUSE
BLDG,YS0,STORE & OFFICE
BLDG,YSA,APARTMENT/STORE
BLDG,YSO,STORE & OFFICE
BLDG,YSR,STORE & RESIDENTIAL
BLDG,YSW,WAREHOUSE STORE
BLDG,YTA,TAVERN & APARTMENTS
BLDG,YWR,WAREHOUSE & RESIDENTIAL
TRNTP,TRANSACTION TYPE,transaction_type
TRNTP,1,RESALE
TRNTP,2,STANDALONE MORTGAGE/REFINANCE
TRNTP,3,SUBDIVISION/NEW CONSTRUCTION
TRNTP,4,TIMESHARE
TRNTP,6,CONSTRUCTION LOAN
TRNTP,7,SELLER CARRYBACK
TRNTP,9,NOMINAL
TRNTP,D,RELEASE OF DEED
TRNTP,J,MECHANIC LIEN / RELEASE
TRNTP,S,ASSIGNMENT OF DEED OF TRUST